{
  "menu": [
    {
      "name": "Dashboard",
      "url": "/headTeacherDashboard",
      "icon": "home",
      "slug": "headTeacherDashboard"
    },
    {
      "url": "allTeacherList",
      "name": "All Teacher List",
      "icon": "hexagon",
      "slug": "allTeacherList"
    },
    {
      "url": "editSchoolDetails",
      "name": "Edit School Details",
      "icon": "square",
      "slug": "editSchoolDetails"
    },
    {
      "url": "leaveApplicationList",
      "name": "Leave Applications",
      "icon": "edit",
      "slug": "leaveApplicationList"
    }

    
  ]
}
