{
  "data": [
    {
      "responsive_id": "",
      "id": 1,
      "avatar": "9-small.png",
      "full_name": "NO.319 KUMGURI LPS",
      "post": "18010102404",
      "email": "Dipankar Rabha",
      "city": "KUMGURI, CHANDRAPARA, KOKRAJHAR, Assam, 783370",
      "start_date": "04/19/2019",
      "salary": "$15939.52",
      "age": "23",
      "experience": "3 Years",
      "status": 2
    },
    {
      "responsive_id": "",
      "id": 2,
      "avatar": "1-small.png",
      "full_name": "Bailie Coulman",
      "post": "VP Quality Control",
      "email": "bcoulman1@yolasite.com",
      "city": "Hinigaran",
      "start_date": "05/20/2018",
      "salary": "$13633.69",
      "age": "63",
      "experience": "3 Years",
      "status": 2
    },
    {
      "responsive_id": "",
      "id": 3,
      "avatar": "9-small.png",
      "full_name": "Stella Ganderton",
      "post": "Operator",
      "email": "sganderton2@tuttocitta.it",
      "city": "Golcowa",
      "start_date": "03/24/2018",
      "salary": "$13076.28",
      "age": "66",
      "experience": "6 Years",
      "status": 5
    },
    {
      "responsive_id": "",
      "id": 4,
      "avatar": "10-small.png",
      "full_name": "Dorolice Crossman",
      "post": "Cost Accountant",
      "email": "dcrossman3@google.co.jp",
      "city": "Paquera",
      "start_date": "12/03/2017",
      "salary": "$12336.17",
      "age": "22",
      "experience": "2 Years",
      "status": 2
    },
    {
      "responsive_id": "",
      "id": 5,
      "avatar": "",
      "full_name": "Harmonia Nisius",
      "post": "Senior Cost Accountant",
      "email": "hnisius4@gnu.org",
      "city": "Lucan",
      "start_date": "08/25/2017",
      "salary": "$10909.52",
      "age": "33",
      "experience": "3 Years",
      "status": 2
    },
    {
      "responsive_id": "",
      "id": 6,
      "avatar": "",
      "full_name": "Genevra Honeywood",
      "post": "Geologist",
      "email": "ghoneywood5@narod.ru",
      "city": "Maofan",
      "start_date": "06/01/2017",
      "salary": "$17803.80",
      "age": "61",
      "experience": "1 Year",
      "status": 1
    },
    {
      "responsive_id": "",
      "id": 7,
      "avatar": "",
      "full_name": "Eileen Diehn",
      "post": "Environmental Specialist",
      "email": "ediehn6@163.com",
      "city": "Lampuyang",
      "start_date": "10/15/2017",
      "salary": "$18991.67",
      "age": "59",
      "experience": "9 Years",
      "status": 3
    },
    {
      "responsive_id": "",
      "id": 8,
      "avatar": "9-small.png",
      "full_name": "Richardo Aldren",
      "post": "Senior Sales Associate",
      "email": "raldren7@mtv.com",
      "city": "Skoghall",
      "start_date": "11/05/2016",
      "salary": "$19230.13",
      "age": "55",
      "experience": "5 Years",
      "status": 3
    },
    {
      "responsive_id": "",
      "id": 9,
      "avatar": "2-small.png",
      "full_name": "Allyson Moakler",
      "post": "Safety Technician",
      "email": "amoakler8@shareasale.com",
      "city": "Mogilany",
      "start_date": "12/29/2018",
      "salary": "$11677.32",
      "age": "39",
      "experience": "9 Years",
      "status": 5
    },
    {
      "responsive_id": "",
      "id": 10,
      "avatar": "9-small.png",
      "full_name": "NO.319 KUMGURI LPS",
      "post": "18010102404",
      "email": "Dipankar Rabha",
      "city": "KUMGURI, CHANDRAPARA, KOKRAJHAR, Assam, 783370",
      "start_date": "04/19/2019",
      "salary": "$15939.52",
      "age": "23",
      "experience": "3 Years",
      "status": 2
    },
    {
      "responsive_id": "",
      "id": 11,
      "avatar": "",
      "full_name": "De Falloon",
      "post": "Sales Representative",
      "email": "dfalloona@ifeng.com",
      "city": "Colima",
      "start_date": "06/12/2018",
      "salary": "$19252.12",
      "age": "30",
      "experience": "0 Year",
      "status": 4
    }
    
  ]
}
